<?xml version="1.0" encoding="utf-8"?>
<Font size="24" family="KG Blank Space Sketch" height="44" style="Regular">
 <Char width="11" offset="0 37" rect="1 35 0 0" code=" "/>
 <Char width="8" offset="0 7" rect="2 5 8 31" code="!"/>
 <Char width="20" offset="3 12" rect="11 10 14 11" code="&quot;"/>
 <Char width="22" offset="1 12" rect="26 10 20 20" code="#"/>
 <Char width="19" offset="0 5" rect="47 3 19 34" code="$"/>
 <Char width="17" offset="0 7" rect="67 5 17 32" code="%"/>
 <Char width="24" offset="1 7" rect="85 5 23 32" code="&amp;"/>
 <Char width="11" offset="2 12" rect="109 10 7 11" code="'"/>
 <Char width="12" offset="0 3" rect="117 1 12 39" code="("/>
 <Char width="12" offset="0 4" rect="130 2 11 38" code=")"/>
 <Char width="22" offset="1 14" rect="142 12 20 19" code="*"/>
 <Char width="15" offset="0 17" rect="163 15 13 13" code="+"/>
 <Char width="9" offset="1 30" rect="177 28 8 11" code=","/>
 <Char width="15" offset="1 20" rect="186 18 13 6" code="-"/>
 <Char width="9" offset="1 30" rect="200 28 8 8" code="."/>
 <Char width="15" offset="0 6" rect="209 4 16 33" code="/"/>
 <Char width="23" offset="0 7" rect="226 5 23 31" code="0">
  <Kerning advance="-1" id="."/>
 </Char>
 <Char width="7" offset="1 8" rect="250 6 6 30" code="1"/>
 <Char width="21" offset="0 7" rect="257 5 20 31" code="2"/>
 <Char width="21" offset="1 7" rect="278 5 20 32" code="3"/>
 <Char width="23" offset="0 7" rect="299 5 22 31" code="4"/>
 <Char width="21" offset="1 7" rect="322 5 20 32" code="5"/>
 <Char width="22" offset="0 8" rect="343 6 22 31" code="6"/>
 <Char width="19" offset="1 7" rect="366 5 18 31" code="7">
  <Kerning advance="-2" id="+"/>
  <Kerning advance="-2" id=","/>
  <Kerning advance="-1" id="-"/>
  <Kerning advance="-4" id="."/>
  <Kerning advance="-3" id=";"/>
 </Char>
 <Char width="21" offset="0 7" rect="385 5 21 32" code="8"/>
 <Char width="22" offset="1 8" rect="407 6 21 31" code="9"/>
 <Char width="10" offset="1 16" rect="429 14 8 16" code=":"/>
 <Char width="10" offset="2 22" rect="438 20 8 19" code=";"/>
 <Char width="19" offset="1 15" rect="447 13 16 19" code="&lt;"/>
 <Char width="16" offset="1 17" rect="464 15 14 14" code="="/>
 <Char width="18" offset="2 15" rect="479 13 15 18" code=">"/>
 <Char width="21" offset="0 7" rect="1 41 21 31" code="?"/>
 <Char width="31" offset="1 9" rect="23 43 29 33" code="@"/>
 <Char width="26" offset="0 7" rect="53 41 26 32" code="A">
  <Kerning advance="-2" id="C"/>
  <Kerning advance="-2" id="G"/>
  <Kerning advance="-2" id="O"/>
  <Kerning advance="-1" id="Q"/>
  <Kerning advance="-4" id="T"/>
  <Kerning advance="-2" id="U"/>
  <Kerning advance="-6" id="V"/>
  <Kerning advance="-4" id="W"/>
  <Kerning advance="-5" id="Y"/>
  <Kerning advance="-2" id="a"/>
  <Kerning advance="-1" id="c"/>
  <Kerning advance="-1" id="d"/>
  <Kerning advance="-1" id="e"/>
  <Kerning advance="-2" id="f"/>
  <Kerning advance="-1" id="g"/>
  <Kerning advance="-1" id="o"/>
  <Kerning advance="-1" id="q"/>
  <Kerning advance="-2" id="t"/>
  <Kerning advance="-4" id="v"/>
  <Kerning advance="-3" id="w"/>
  <Kerning advance="-4" id="y"/>
 </Char>
 <Char width="22" offset="1 7" rect="80 41 20 31" code="B">
  <Kerning advance="-1" id="A"/>
  <Kerning advance="-1" id="V"/>
  <Kerning advance="-1" id="W"/>
  <Kerning advance="-1" id="Y"/>
 </Char>
 <Char width="22" offset="1 8" rect="101 42 21 31" code="C">
  <Kerning advance="-1" id="G"/>
  <Kerning advance="-2" id="f"/>
  <Kerning advance="-1" id="o"/>
  <Kerning advance="-2" id="v"/>
  <Kerning advance="-2" id="w"/>
  <Kerning advance="-2" id="y"/>
 </Char>
 <Char width="22" offset="1 7" rect="123 41 21 32" code="D">
  <Kerning advance="-2" id=","/>
  <Kerning advance="-3" id="A"/>
  <Kerning advance="-1" id="I"/>
  <Kerning advance="-3" id="J"/>
  <Kerning advance="-1" id="M"/>
  <Kerning advance="-2" id="T"/>
  <Kerning advance="-2" id="V"/>
  <Kerning advance="-1" id="W"/>
  <Kerning advance="-2" id="X"/>
  <Kerning advance="-3" id="Y"/>
  <Kerning advance="-2" id="Z"/>
 </Char>
 <Char width="19" offset="0 7" rect="145 41 19 31" code="E">
  <Kerning advance="-1" id="O"/>
  <Kerning advance="-1" id="Q"/>
  <Kerning advance="-1" id="t"/>
 </Char>
 <Char width="19" offset="0 7" rect="165 41 19 31" code="F">
  <Kerning advance="-3" id=","/>
  <Kerning advance="-3" id="."/>
  <Kerning advance="-4" id="A"/>
  <Kerning advance="-1" id="C"/>
  <Kerning advance="-1" id="G"/>
  <Kerning advance="-6" id="J"/>
  <Kerning advance="-1" id="M"/>
  <Kerning advance="-1" id="O"/>
  <Kerning advance="-1" id="a"/>
  <Kerning advance="-1" id="c"/>
  <Kerning advance="-1" id="d"/>
  <Kerning advance="-1" id="e"/>
  <Kerning advance="-1" id="g"/>
  <Kerning advance="-1" id="m"/>
  <Kerning advance="-1" id="n"/>
  <Kerning advance="-2" id="o"/>
  <Kerning advance="-1" id="q"/>
  <Kerning advance="-1" id="s"/>
  <Kerning advance="-2" id="v"/>
  <Kerning advance="-1" id="w"/>
  <Kerning advance="-3" id="x"/>
  <Kerning advance="-2" id="y"/>
 </Char>
 <Char width="22" offset="0 7" rect="185 41 22 32" code="G">
  <Kerning advance="-1" id=","/>
  <Kerning advance="-1" id="A"/>
  <Kerning advance="-1" id="J"/>
  <Kerning advance="1" id="N"/>
  <Kerning advance="-1" id="V"/>
  <Kerning advance="-1" id="Y"/>
 </Char>
 <Char width="23" offset="0 8" rect="208 42 23 31" code="H"/>
 <Char width="18" offset="0 7" rect="232 41 18 31" code="I">
  <Kerning advance="-1" id="a"/>
  <Kerning advance="-2" id="t"/>
  <Kerning advance="-2" id="v"/>
  <Kerning advance="-2" id="w"/>
  <Kerning advance="-3" id="y"/>
 </Char>
 <Char width="17" offset="0 7" rect="251 41 16 31" code="J">
  <Kerning advance="-1" id="A"/>
 </Char>
 <Char width="22" offset="0 8" rect="268 42 22 31" code="K">
  <Kerning advance="-1" id="C"/>
  <Kerning advance="-1" id="O"/>
  <Kerning advance="-2" id="Q"/>
  <Kerning advance="-1" id="a"/>
  <Kerning advance="-1" id="c"/>
  <Kerning advance="-1" id="d"/>
  <Kerning advance="-1" id="e"/>
  <Kerning advance="-1" id="f"/>
  <Kerning advance="-2" id="g"/>
  <Kerning advance="-1" id="o"/>
  <Kerning advance="-3" id="t"/>
  <Kerning advance="-4" id="v"/>
  <Kerning advance="-3" id="w"/>
  <Kerning advance="-4" id="y"/>
 </Char>
 <Char width="18" offset="0 7" rect="291 41 17 31" code="L">
  <Kerning advance="-1" id="C"/>
  <Kerning advance="-1" id="G"/>
  <Kerning advance="-2" id="O"/>
  <Kerning advance="-2" id="Q"/>
  <Kerning advance="-4" id="T"/>
  <Kerning advance="-1" id="U"/>
  <Kerning advance="-6" id="V"/>
  <Kerning advance="-3" id="W"/>
  <Kerning advance="-5" id="Y"/>
  <Kerning advance="-1" id="c"/>
  <Kerning advance="-2" id="g"/>
  <Kerning advance="-1" id="o"/>
  <Kerning advance="-5" id="v"/>
  <Kerning advance="-2" id="w"/>
  <Kerning advance="-4" id="y"/>
 </Char>
 <Char width="34" offset="0 7" rect="309 41 34 32" code="M">
  <Kerning advance="-1" id="O"/>
  <Kerning advance="-2" id="T"/>
  <Kerning advance="-1" id="U"/>
  <Kerning advance="-2" id="V"/>
  <Kerning advance="-2" id="Y"/>
 </Char>
 <Char width="25" offset="0 7" rect="344 41 25 30" code="N"/>
 <Char width="27" offset="1 8" rect="370 42 26 31" code="O">
  <Kerning advance="-1" id=","/>
  <Kerning advance="-1" id="."/>
  <Kerning advance="-1" id="A"/>
  <Kerning advance="-1" id="J"/>
  <Kerning advance="-1" id="M"/>
  <Kerning advance="-2" id="T"/>
  <Kerning advance="-2" id="V"/>
  <Kerning advance="-1" id="W"/>
  <Kerning advance="-1" id="X"/>
  <Kerning advance="-2" id="Y"/>
  <Kerning advance="-1" id="Z"/>
 </Char>
 <Char width="22" offset="0 7" rect="397 41 22 31" code="P">
  <Kerning advance="-3" id=","/>
  <Kerning advance="-4" id="."/>
  <Kerning advance="-4" id="A"/>
  <Kerning advance="-7" id="J"/>
  <Kerning advance="-1" id="M"/>
  <Kerning advance="-1" id="V"/>
  <Kerning advance="-1" id="Y"/>
 </Char>
 <Char width="27" offset="1 7" rect="420 41 26 33" code="Q">
  <Kerning advance="1" id="L"/>
  <Kerning advance="-1" id="T"/>
  <Kerning advance="-2" id="V"/>
  <Kerning advance="-1" id="W"/>
  <Kerning advance="-2" id="Y"/>
 </Char>
 <Char width="22" offset="0 7" rect="447 41 22 32" code="R">
  <Kerning advance="-1" id="T"/>
  <Kerning advance="-1" id="V"/>
  <Kerning advance="-2" id="Y"/>
  <Kerning advance="-1" id="a"/>
  <Kerning advance="-1" id="c"/>
  <Kerning advance="-1" id="d"/>
  <Kerning advance="-1" id="e"/>
  <Kerning advance="-1" id="g"/>
  <Kerning advance="-1" id="o"/>
 </Char>
 <Char width="18" offset="0 7" rect="470 41 19 32" code="S">
  <Kerning advance="-1" id="V"/>
  <Kerning advance="-2" id="y"/>
 </Char>
 <Char width="18" offset="0 8" rect="490 42 18 30" code="T">
  <Kerning advance="-3" id="A"/>
  <Kerning advance="-1" id="G"/>
  <Kerning advance="-4" id="J"/>
  <Kerning advance="-1" id="M"/>
  <Kerning advance="-2" id="O"/>
  <Kerning advance="-2" id="Q"/>
  <Kerning advance="-2" id="a"/>
  <Kerning advance="-3" id="c"/>
  <Kerning advance="-3" id="d"/>
  <Kerning advance="-4" id="e"/>
  <Kerning advance="-3" id="f"/>
  <Kerning advance="-3" id="g"/>
  <Kerning advance="-1" id="m"/>
  <Kerning advance="-3" id="n"/>
  <Kerning advance="-4" id="o"/>
  <Kerning advance="-1" id="p"/>
  <Kerning advance="-4" id="q"/>
  <Kerning advance="-1" id="r"/>
  <Kerning advance="-2" id="s"/>
  <Kerning advance="-1" id="u"/>
  <Kerning advance="-2" id="v"/>
  <Kerning advance="-2" id="w"/>
  <Kerning advance="-1" id="x"/>
  <Kerning advance="-1" id="y"/>
 </Char>
 <Char width="22" offset="0 8" rect="1 82 21 30" code="U">
  <Kerning advance="-2" id="A"/>
  <Kerning advance="-2" id="J"/>
 </Char>
 <Char width="26" offset="0 7" rect="23 81 26 31" code="V">
  <Kerning advance="-3" id=","/>
  <Kerning advance="-2" id="."/>
  <Kerning advance="-6" id="A"/>
  <Kerning advance="-1" id="C"/>
  <Kerning advance="-2" id="G"/>
  <Kerning advance="-5" id="J"/>
  <Kerning advance="-1" id="M"/>
  <Kerning advance="-2" id="O"/>
  <Kerning advance="-2" id="Q"/>
  <Kerning advance="-3" id="a"/>
  <Kerning advance="-2" id="c"/>
  <Kerning advance="-3" id="d"/>
  <Kerning advance="-2" id="e"/>
  <Kerning advance="-1" id="f"/>
  <Kerning advance="-2" id="g"/>
  <Kerning advance="-2" id="o"/>
  <Kerning advance="-2" id="q"/>
  <Kerning advance="-1" id="s"/>
  <Kerning advance="-1" id="v"/>
 </Char>
 <Char width="33" offset="1 7" rect="50 81 32 30" code="W">
  <Kerning advance="-2" id=","/>
  <Kerning advance="-1" id="."/>
  <Kerning advance="-4" id="A"/>
  <Kerning advance="-1" id="G"/>
  <Kerning advance="-4" id="J"/>
  <Kerning advance="-2" id="M"/>
  <Kerning advance="-1" id="O"/>
  <Kerning advance="-2" id="Q"/>
  <Kerning advance="-2" id="a"/>
  <Kerning advance="-2" id="c"/>
  <Kerning advance="-2" id="d"/>
  <Kerning advance="-1" id="e"/>
  <Kerning advance="-2" id="f"/>
  <Kerning advance="-2" id="g"/>
  <Kerning advance="-1" id="o"/>
  <Kerning advance="-1" id="q"/>
  <Kerning advance="-1" id="x"/>
 </Char>
 <Char width="25" offset="0 8" rect="83 82 25 32" code="X">
  <Kerning advance="-2" id="O"/>
  <Kerning advance="-1" id="Q"/>
  <Kerning advance="-1" id="a"/>
  <Kerning advance="-2" id="c"/>
  <Kerning advance="-2" id="d"/>
  <Kerning advance="-1" id="e"/>
  <Kerning advance="-2" id="f"/>
  <Kerning advance="-2" id="g"/>
  <Kerning advance="-1" id="o"/>
  <Kerning advance="-1" id="q"/>
  <Kerning advance="-1" id="v"/>
  <Kerning advance="-2" id="w"/>
  <Kerning advance="-3" id="y"/>
 </Char>
 <Char width="22" offset="-1 7" rect="109 81 24 30" code="Y">
  <Kerning advance="-3" id=","/>
  <Kerning advance="-3" id="."/>
  <Kerning advance="-5" id="A"/>
  <Kerning advance="-2" id="C"/>
  <Kerning advance="-2" id="G"/>
  <Kerning advance="-5" id="J"/>
  <Kerning advance="-2" id="M"/>
  <Kerning advance="-2" id="O"/>
  <Kerning advance="-2" id="Q"/>
  <Kerning advance="-3" id="a"/>
  <Kerning advance="-3" id="c"/>
  <Kerning advance="-4" id="d"/>
  <Kerning advance="-4" id="e"/>
  <Kerning advance="-2" id="f"/>
  <Kerning advance="-4" id="g"/>
  <Kerning advance="-1" id="m"/>
  <Kerning advance="-1" id="n"/>
  <Kerning advance="-4" id="o"/>
  <Kerning advance="-2" id="p"/>
  <Kerning advance="-3" id="q"/>
  <Kerning advance="-1" id="r"/>
  <Kerning advance="-2" id="s"/>
  <Kerning advance="-1" id="t"/>
  <Kerning advance="-1" id="u"/>
  <Kerning advance="-2" id="v"/>
  <Kerning advance="-2" id="w"/>
  <Kerning advance="-3" id="x"/>
  <Kerning advance="-2" id="y"/>
  <Kerning advance="-1" id="z"/>
 </Char>
 <Char width="20" offset="0 7" rect="134 81 20 31" code="Z">
  <Kerning advance="-1" id="O"/>
  <Kerning advance="-1" id="Q"/>
  <Kerning advance="-1" id="a"/>
  <Kerning advance="-1" id="c"/>
  <Kerning advance="-1" id="e"/>
  <Kerning advance="-2" id="g"/>
  <Kerning advance="-1" id="o"/>
  <Kerning advance="-1" id="q"/>
  <Kerning advance="-1" id="v"/>
  <Kerning advance="-1" id="w"/>
  <Kerning advance="-2" id="y"/>
 </Char>
 <Char width="12" offset="0 3" rect="155 77 12 39" code="["/>
 <Char width="14" offset="-1 6" rect="168 80 16 33" code="\"/>
 <Char width="12" offset="0 3" rect="185 77 11 39" code="]"/>
 <Char width="11" offset="0 19" rect="197 93 10 7" code="^"/>
 <Char width="15" offset="1 32" rect="208 106 14 6" code="_"/>
 <Char width="7" offset="0 8" rect="223 82 6 6" code="`"/>
 <Char width="22" offset="0 14" rect="230 88 22 24" code="a"/>
 <Char width="22" offset="0 8" rect="253 82 22 30" code="b">
  <Kerning advance="-1" id="v"/>
  <Kerning advance="-1" id="y"/>
 </Char>
 <Char width="21" offset="1 14" rect="276 88 20 23" code="c">
  <Kerning advance="-1" id="g"/>
  <Kerning advance="-1" id="v"/>
  <Kerning advance="-1" id="y"/>
 </Char>
 <Char width="22" offset="0 8" rect="297 82 22 30" code="d"/>
 <Char width="22" offset="0 14" rect="320 88 22 24" code="e">
  <Kerning advance="-1" id="t"/>
  <Kerning advance="-1" id="v"/>
  <Kerning advance="-1" id="y"/>
 </Char>
 <Char width="20" offset="0 7" rect="343 81 19 31" code="f">
  <Kerning advance="-2" id=","/>
  <Kerning advance="-3" id="."/>
  <Kerning advance="-1" id="a"/>
  <Kerning advance="-1" id="c"/>
  <Kerning advance="-1" id="d"/>
  <Kerning advance="-1" id="e"/>
  <Kerning advance="-1" id="g"/>
  <Kerning advance="-1" id="o"/>
  <Kerning advance="-1" id="q"/>
  <Kerning advance="-2" id="v"/>
  <Kerning advance="-1" id="w"/>
  <Kerning advance="-1" id="x"/>
  <Kerning advance="-2" id="y"/>
 </Char>
 <Char width="22" offset="0 14" rect="363 88 22 32" code="g"/>
 <Char width="20" offset="0 8" rect="386 82 20 30" code="h">
  <Kerning advance="-1" id="t"/>
  <Kerning advance="-1" id="v"/>
  <Kerning advance="-1" id="y"/>
 </Char>
 <Char width="8" offset="0 8" rect="407 82 8 29" code="i"/>
 <Char width="8" offset="-8 9" rect="416 83 16 37" code="j"/>
 <Char width="22" offset="0 8" rect="433 82 22 30" code="k">
  <Kerning advance="-2" id="a"/>
  <Kerning advance="-1" id="c"/>
  <Kerning advance="-1" id="d"/>
  <Kerning advance="-1" id="e"/>
  <Kerning advance="-2" id="f"/>
  <Kerning advance="-2" id="g"/>
  <Kerning advance="-1" id="o"/>
  <Kerning advance="-2" id="q"/>
  <Kerning advance="-2" id="t"/>
  <Kerning advance="-2" id="v"/>
  <Kerning advance="-2" id="w"/>
  <Kerning advance="-3" id="y"/>
 </Char>
 <Char width="8" offset="0 8" rect="456 82 7 29" code="l"/>
 <Char width="33" offset="0 15" rect="464 89 33 23" code="m">
  <Kerning advance="-1" id="t"/>
  <Kerning advance="-2" id="v"/>
  <Kerning advance="-2" id="y"/>
 </Char>
 <Char width="20" offset="0 15" rect="1 132 20 22" code="n">
  <Kerning advance="-1" id="t"/>
  <Kerning advance="-1" id="y"/>
 </Char>
 <Char width="21" offset="0 15" rect="22 132 21 22" code="o">
  <Kerning advance="-1" id=","/>
  <Kerning advance="-1" id="t"/>
  <Kerning advance="-1" id="v"/>
  <Kerning advance="-1" id="x"/>
  <Kerning advance="-1" id="y"/>
 </Char>
 <Char width="22" offset="0 15" rect="44 132 21 30" code="p">
  <Kerning advance="-1" id="v"/>
  <Kerning advance="-1" id="w"/>
  <Kerning advance="-1" id="x"/>
  <Kerning advance="-1" id="y"/>
 </Char>
 <Char width="22" offset="0 14" rect="66 131 21 32" code="q"/>
 <Char width="19" offset="0 15" rect="88 132 19 22" code="r">
  <Kerning advance="-3" id=","/>
  <Kerning advance="-3" id="."/>
  <Kerning advance="-1" id="a"/>
  <Kerning advance="-1" id="d"/>
  <Kerning advance="-1" id="e"/>
  <Kerning advance="-1" id="g"/>
 </Char>
 <Char width="17" offset="0 14" rect="108 131 17 24" code="s"/>
 <Char width="16" offset="0 9" rect="126 126 15 29" code="t">
  <Kerning advance="-1" id="."/>
  <Kerning advance="-1" id="e"/>
 </Char>
 <Char width="20" offset="0 15" rect="142 132 20 23" code="u"/>
 <Char width="24" offset="0 15" rect="163 132 24 23" code="v">
  <Kerning advance="-3" id=","/>
  <Kerning advance="-3" id="."/>
  <Kerning advance="-2" id="a"/>
  <Kerning advance="-2" id="c"/>
  <Kerning advance="-1" id="d"/>
  <Kerning advance="-1" id="e"/>
  <Kerning advance="-2" id="g"/>
  <Kerning advance="-2" id="o"/>
 </Char>
 <Char width="31" offset="0 15" rect="188 132 31 23" code="w">
  <Kerning advance="-2" id=","/>
  <Kerning advance="-2" id="."/>
  <Kerning advance="-1" id="a"/>
  <Kerning advance="-1" id="c"/>
  <Kerning advance="-1" id="e"/>
 </Char>
 <Char width="20" offset="0 14" rect="220 131 20 25" code="x">
  <Kerning advance="-1" id="a"/>
  <Kerning advance="-1" id="g"/>
  <Kerning advance="-2" id="o"/>
 </Char>
 <Char width="22" offset="0 14" rect="241 131 22 31" code="y">
  <Kerning advance="-2" id=","/>
  <Kerning advance="-2" id="."/>
  <Kerning advance="-1" id="a"/>
  <Kerning advance="-1" id="c"/>
  <Kerning advance="-1" id="d"/>
  <Kerning advance="-1" id="e"/>
  <Kerning advance="-1" id="o"/>
 </Char>
 <Char width="17" offset="0 15" rect="264 132 17 22" code="z">
  <Kerning advance="-1" id="q"/>
 </Char>
 <Char width="16" offset="1 4" rect="282 121 14 37" code="{"/>
 <Char width="8" offset="0 8" rect="297 125 7 29" code="|"/>
 <Char width="16" offset="0 4" rect="305 121 15 37" code="}"/>
 <Char width="18" offset="1 18" rect="321 135 15 7" code="~"/>
</Font>
